Customer_ID,Age,Gender,Income_Bracket,Region,Estimated_Annual_Spend_EUR
1,56,Male,50–100k EUR,EMEA,1251.5100781445528
2,69,Male,50–100k EUR,Other,1185.1108168467665
3,46,Male,>200k EUR,Other,3548.060388470492
4,32,Male,>200k EUR,Asia/Pacific,3268.8623556474786
5,60,Male,100–200k EUR,EMEA,1603.9300378938074
6,25,Male,>200k EUR,Other,3282.7518862838424
7,38,Male,100–200k EUR,Asia/Pacific,2549.4376297563063
8,56,Male,100–200k EUR,EMEA,2353.8320362163863
9,36,Male,<50k EUR,Americas,574.5071229516849
10,40,Female,100–200k EUR,EMEA,1859.2473043685886
11,28,Female,50–100k EUR,EMEA,816.2457569401917
12,28,Female,>200k EUR,Other,3345.4139382656804
13,41,Female,100–200k EUR,Asia/Pacific,1486.0596412727366
14,53,Male,100–200k EUR,Asia/Pacific,2406.161712249624
15,57,Male,<50k EUR,Other,479.2603548243223
16,41,Male,50–100k EUR,EMEA,1194.6972249101566
17,20,Female,50–100k EUR,Americas,1212.0460419882054
18,39,Female,50–100k EUR,EMEA,1692.6484224970573
19,19,Male,<50k EUR,EMEA,597.1532807151038
20,41,Male,>200k EUR,Americas,3611.0668858168565
21,61,Male,100–200k EUR,Other,1965.6380464242147
22,47,Male,50–100k EUR,Asia/Pacific,1161.5278070437755
23,55,Female,50–100k EUR,Other,1260.3094684667226
24,19,Female,100–200k EUR,Other,2371.3448935920387
25,38,Male,100–200k EUR,EMEA,1521.6717023616898
26,50,Non-Binary,100–200k EUR,Asia/Pacific,1820.1874931138682
27,29,Female,>200k EUR,Asia/Pacific,3260.6256891682615
28,39,Male,100–200k EUR,Other,2001.573109915455
29,61,Male,>200k EUR,Americas,4127.87806278676
30,42,Male,>200k EUR,Other,3052.696348890248
31,66,Male,50–100k EUR,Americas,1193.0576460589514
32,44,Male,>200k EUR,Asia/Pacific,3406.5641779193206
33,59,Male,50–100k EUR,Other,966.2643924760936
34,45,Male,>200k EUR,EMEA,3280.1344708629126
35,33,Male,50–100k EUR,Other,1428.5645629030041
36,32,Female,>200k EUR,Asia/Pacific,4223.488942176867
37,64,Male,>200k EUR,EMEA,3598.277388255787
38,68,Male,>200k EUR,EMEA,4015.9222697343175
39,61,Male,100–200k EUR,Americas,2014.0941781294225
40,69,Non-Binary,50–100k EUR,EMEA,1350.3866065373547
41,20,Male,<50k EUR,EMEA,728.4544784612038
42,54,Male,100–200k EUR,Other,1864.980358556227
43,68,Non-Binary,50–100k EUR,Asia/Pacific,1358.2063894086093
44,24,Female,100–200k EUR,Americas,2186.8549797042497
45,38,Female,50–100k EUR,Other,1018.1225090410522
46,26,Male,>200k EUR,EMEA,2757.219813481514
47,56,Male,100–200k EUR,EMEA,1679.7138711852217
48,35,Female,>200k EUR,Americas,3633.5251329346293
49,21,Female,50–100k EUR,Asia/Pacific,1480.5588621872198
50,42,Female,>200k EUR,Americas,3944.8153978117184
51,31,Female,>200k EUR,Other,3541.1419946377123
52,67,Male,100–200k EUR,Americas,1957.286154493612
53,26,Female,100–200k EUR,EMEA,2036.0886895135698
54,43,Male,100–200k EUR,Other,2154.331650217625
55,19,Male,50–100k EUR,EMEA,919.6297874415438
56,37,Male,100–200k EUR,Asia/Pacific,2213.484463426667
57,45,Male,50–100k EUR,EMEA,1317.371418760054
58,64,Male,50–100k EUR,EMEA,1638.0911251619957
59,24,Male,50–100k EUR,Americas,1001.8927349738623
60,61,Female,<50k EUR,EMEA,464.8769937914996
61,25,Male,<50k EUR,Other,464.8794564576229
62,64,Female,50–100k EUR,Other,1086.7404540794457
63,52,Male,>200k EUR,Asia/Pacific,4032.7401875326755
64,31,Male,100–200k EUR,Other,1662.6073724486394
65,34,Male,>200k EUR,Americas,3241.355774949814
66,53,Male,100–200k EUR,Asia/Pacific,1539.7657487793133
67,67,Male,50–100k EUR,Other,1219.9302730175282
68,57,Male,100–200k EUR,Americas,2383.303046569553
69,21,Male,100–200k EUR,Other,2099.6942035938773
70,19,Non-Binary,50–100k EUR,Other,1099.3048691767601
71,23,Male,100–200k EUR,EMEA,1775.454039033034
72,59,Female,50–100k EUR,Other,889.8673137867735
73,21,Male,100–200k EUR,Other,2465.3455926567567
74,46,Female,100–200k EUR,Americas,2034.7023902878575
75,35,Female,50–100k EUR,Americas,1213.7125949612055
76,43,Female,<50k EUR,EMEA,736.8819223261087
77,61,Male,100–200k EUR,Other,2353.789155219148
78,51,Male,100–200k EUR,EMEA,2020.2555444230327
79,27,Male,<50k EUR,Other,615.1152093729363
80,53,Female,>200k EUR,Asia/Pacific,4204.67372009279
81,31,Female,<50k EUR,Asia/Pacific,429.5788421097572
82,48,Non-Binary,100–200k EUR,EMEA,2618.2243774645963
83,65,Male,>200k EUR,EMEA,4649.449061809625
84,32,Female,50–100k EUR,EMEA,987.539257254779
85,25,Female,50–100k EUR,Americas,1294.7184861270364
86,31,Male,50–100k EUR,Americas,1016.1151531532394
87,40,Male,50–100k EUR,Americas,1509.986881003508
88,57,Female,50–100k EUR,EMEA,1043.3493415327525
89,38,Female,100–200k EUR,Other,2526.6022527329615
90,33,Female,<50k EUR,Asia/Pacific,581.3840065378947
91,62,Male,100–200k EUR,EMEA,1925.310755456278
92,35,Female,>200k EUR,Americas,3318.5807197801705
93,64,Male,>200k EUR,Americas,3277.248739299614
94,41,Male,100–200k EUR,EMEA,2291.4712852863067
95,43,Male,50–100k EUR,EMEA,1135.587696758865
96,42,Female,100–200k EUR,Americas,2193.612784875544
97,62,Female,100–200k EUR,Other,2410.5894672597046
98,58,Male,100–200k EUR,Americas,1710.5229618259687
99,46,Male,50–100k EUR,Americas,1362.703443473934
100,32,Female,>200k EUR,EMEA,4226.6922385588505
101,62,Male,100–200k EUR,Other,2205.8154379995317
102,18,Female,50–100k EUR,Americas,953.8271367132089
103,42,Male,50–100k EUR,Americas,1245.4919869208259
104,24,Male,100–200k EUR,Asia/Pacific,2317.5273460548765
105,26,Male,>200k EUR,EMEA,4289.786072865356
106,41,Male,100–200k EUR,Asia/Pacific,1472.3781540730656
107,18,Female,100–200k EUR,Asia/Pacific,1645.0224462002675
108,61,Male,<50k EUR,Americas,430.48734607813066
109,25,Male,100–200k EUR,EMEA,1388.2303466719698
110,41,Female,100–200k EUR,Other,1919.1779496666327
111,28,Male,<50k EUR,Americas,430.1405369644615
112,68,Male,50–100k EUR,Other,1461.4285508564856
113,34,Female,100–200k EUR,Other,2215.2626767387887
114,25,Female,50–100k EUR,EMEA,878.5033530877545
115,52,Male,100–200k EUR,Asia/Pacific,2450.7071156288084
116,52,Female,50–100k EUR,EMEA,1236.9267717064608
117,50,Female,<50k EUR,Other,536.2943407349051
118,22,Male,50–100k EUR,Americas,1251.9765588496848
119,59,Male,>200k EUR,Other,3238.5699864233657
120,56,Female,>200k EUR,Americas,3289.906591452071
121,58,Female,>200k EUR,Americas,3359.1076955697463
122,45,Male,100–200k EUR,EMEA,2022.2284341259326
123,24,Female,50–100k EUR,Other,1356.364574355462
124,26,Female,100–200k EUR,Asia/Pacific,2488.5846636713877
125,25,Male,100–200k EUR,Other,1585.9695625355325
126,29,Male,>200k EUR,Other,2827.7747444828615
127,51,Male,<50k EUR,Asia/Pacific,213.0079633013303
128,50,Female,100–200k EUR,EMEA,1488.9852681934535
129,65,Male,50–100k EUR,Other,952.6098578243837
130,40,Female,50–100k EUR,Other,935.9086773831448
131,41,Female,100–200k EUR,Americas,1983.3356903310143
132,54,Female,100–200k EUR,Other,2115.2196346817923
133,52,Male,50–100k EUR,Asia/Pacific,1304.3883131233795
134,61,Female,50–100k EUR,Americas,1259.3969346466372
135,57,Male,100–200k EUR,EMEA,1990.191575571772
136,39,Female,100–200k EUR,Americas,1379.767369988037
137,44,Male,>200k EUR,Asia/Pacific,3040.6740267579007
138,52,Male,>200k EUR,Asia/Pacific,2997.929616623966
139,18,Female,100–200k EUR,Americas,1973.2639881461635
140,52,Male,50–100k EUR,EMEA,1250.0985700691754
141,54,Male,100–200k EUR,Americas,1608.659149848544
142,64,Female,100–200k EUR,EMEA,2200.9017646490115
143,31,Female,50–100k EUR,Americas,1269.289641899395
144,20,Female,>200k EUR,Asia/Pacific,3116.1012174479356
145,18,Female,<50k EUR,Other,241.2623251230451
146,22,Male,>200k EUR,Other,3482.6575563066094
147,43,Male,100–200k EUR,EMEA,2109.9794738290543
148,31,Male,100–200k EUR,EMEA,1718.0360641017935
149,56,Male,100–200k EUR,EMEA,1845.839924798992
150,44,Female,>200k EUR,Asia/Pacific,3617.10736626826
151,26,Female,100–200k EUR,Americas,1682.2359434333146
152,32,Male,100–200k EUR,Asia/Pacific,1981.1962708180483
153,32,Male,<50k EUR,Other,415.6568706138541
154,43,Female,100–200k EUR,EMEA,2286.5426961503713
155,59,Male,50–100k EUR,Americas,1063.9950556843019
156,30,Female,100–200k EUR,Other,1704.282186099337
157,68,Male,100–200k EUR,Other,2151.2139546553535
158,49,Female,100–200k EUR,Other,1840.9227144882677
159,56,Male,<50k EUR,Asia/Pacific,348.0753319498364
160,66,Female,<50k EUR,EMEA,547.1370998892911
161,69,Female,100–200k EUR,Other,1762.1381503212967
162,49,Female,<50k EUR,EMEA,363.7963886718183
163,21,Female,<50k EUR,Asia/Pacific,288.15444479970625
164,47,Female,<50k EUR,Other,719.8473153382331
165,54,Female,>200k EUR,Asia/Pacific,4275.2502464070385
166,40,Male,100–200k EUR,Asia/Pacific,1967.8908920136328
167,56,Female,50–100k EUR,EMEA,1246.4507394322006
168,62,Female,50–100k EUR,Other,1258.6144946597362
169,32,Male,50–100k EUR,Asia/Pacific,1057.1297163947265
170,60,Female,100–200k EUR,Other,1689.4273032741878
171,46,Female,100–200k EUR,EMEA,1833.9052083958454
172,53,Female,50–100k EUR,Asia/Pacific,1573.1549022289514
173,30,Male,50–100k EUR,EMEA,1294.7665841823575
174,49,Male,<50k EUR,Other,466.13355492701965
175,24,Non-Binary,100–200k EUR,Other,1640.6366322233455
176,68,Female,100–200k EUR,EMEA,2589.4175398749167
177,39,Male,50–100k EUR,Americas,961.7393005594703
178,45,Female,<50k EUR,Asia/Pacific,510.12923070318857
179,19,Female,<50k EUR,Other,286.2877720679815
180,59,Male,>200k EUR,Other,3000.8229796306046
181,62,Female,50–100k EUR,Asia/Pacific,1331.310721726766
182,23,Male,100–200k EUR,EMEA,2010.5790655915187
183,45,Male,100–200k EUR,EMEA,1790.0823476022244
184,45,Male,50–100k EUR,EMEA,1005.0636659545357
185,61,Female,50–100k EUR,Americas,1357.4169207484904
186,61,Male,50–100k EUR,Americas,1431.7191158014807
187,37,Male,100–200k EUR,Other,2064.193973220267
188,47,Male,100–200k EUR,EMEA,1966.301585092751
189,28,Male,100–200k EUR,Asia/Pacific,1933.7091201400333
190,45,Female,100–200k EUR,Other,2184.2500100130273
191,42,Male,<50k EUR,Asia/Pacific,418.3425913212226
192,56,Male,>200k EUR,Other,3992.161199238292
193,50,Female,100–200k EUR,Americas,2227.2523130141917
194,18,Male,50–100k EUR,Other,1035.863536329658
195,44,Male,>200k EUR,Americas,3393.0055778872456
196,69,Male,100–200k EUR,Other,1840.8496557168417
197,30,Male,100–200k EUR,EMEA,1827.254527806596
198,58,Male,100–200k EUR,Asia/Pacific,1917.4844908545067
199,20,Male,>200k EUR,EMEA,3475.2681451737835
200,56,Male,100–200k EUR,Other,1309.4236505793247
201,23,Female,50–100k EUR,Other,1392.6752258488643
202,25,Male,50–100k EUR,Other,1282.5561853872996
203,44,Female,>200k EUR,Americas,3837.409746083302
204,26,Female,50–100k EUR,Asia/Pacific,1364.412031998898
205,54,Male,50–100k EUR,Asia/Pacific,1579.3585965307896
206,50,Female,100–200k EUR,Other,1545.4426813404343
207,68,Male,100–200k EUR,Other,2410.0622802333573
208,59,Non-Binary,100–200k EUR,Americas,2493.490314050385
209,61,Male,>200k EUR,EMEA,2938.638989218851
210,41,Male,50–100k EUR,EMEA,1150.9223767994258
211,32,Male,50–100k EUR,Asia/Pacific,1049.252767128502
212,49,Non-Binary,50–100k EUR,Americas,1022.0971140748953
213,49,Male,>200k EUR,Other,3691.204873092025
214,41,Female,100–200k EUR,Asia/Pacific,1925.2891881330866
215,58,Male,50–100k EUR,Americas,1036.8379430069124
216,69,Female,>200k EUR,EMEA,3583.226104106528
217,66,Male,>200k EUR,Americas,3746.225632004074
218,66,Female,>200k EUR,EMEA,3644.5843219539092
219,69,Male,>200k EUR,Americas,4727.650069955447
220,29,Male,50–100k EUR,Asia/Pacific,1184.5796581171792
221,56,Male,100–200k EUR,EMEA,2172.96708891673
222,19,Male,100–200k EUR,Asia/Pacific,2093.375046363061
223,20,Female,>200k EUR,Asia/Pacific,3181.130007874342
224,66,Male,100–200k EUR,EMEA,2923.6642425365712
225,54,Female,100–200k EUR,EMEA,2335.8724734303732
226,66,Male,100–200k EUR,Other,1961.62472255577
227,34,Male,50–100k EUR,Other,1268.2303949633288
228,66,Male,100–200k EUR,Other,1713.3378678198724
229,19,Male,>200k EUR,Asia/Pacific,3234.501522499091
230,19,Female,>200k EUR,Asia/Pacific,3188.429736787618
231,45,Male,<50k EUR,Other,516.6383884564799
232,40,Male,50–100k EUR,Asia/Pacific,1255.3381598660037
233,54,Female,50–100k EUR,Asia/Pacific,1365.4366498072047
234,49,Female,100–200k EUR,EMEA,1518.0661039227282
235,50,Male,>200k EUR,EMEA,3222.2614404198725
236,18,Male,50–100k EUR,Asia/Pacific,1202.6003783755814
237,36,Female,100–200k EUR,Other,2061.039090760167
238,19,Male,>200k EUR,Americas,3181.306436346741
239,61,Male,100–200k EUR,Other,1773.094776414709
240,43,Male,100–200k EUR,Americas,1573.3238871206977
241,49,Female,100–200k EUR,Other,1806.028134727242
242,23,Female,100–200k EUR,EMEA,1675.5355989156815
243,49,Male,50–100k EUR,Asia/Pacific,1490.7068154314634
244,21,Male,100–200k EUR,Asia/Pacific,2506.1424905217696
245,28,Male,100–200k EUR,EMEA,2264.491927084835
246,34,Female,>200k EUR,Americas,4094.508265553776
247,55,Male,100–200k EUR,Americas,1997.6082076050147
248,41,Male,100–200k EUR,Americas,2443.983241667008
249,22,Female,50–100k EUR,EMEA,1147.0686333524088
250,69,Male,100–200k EUR,Americas,2023.2104922942856
251,51,Female,<50k EUR,EMEA,327.3509633866546
252,23,Male,50–100k EUR,Other,1744.0338333179238
253,39,Male,100–200k EUR,Other,1741.6147396015208
254,28,Male,>200k EUR,EMEA,4210.252123994927
255,65,Female,<50k EUR,Asia/Pacific,556.3547027518508
256,33,Female,100–200k EUR,Other,2456.937223180897
257,50,Female,>200k EUR,Americas,3214.6268531252617
258,26,Male,50–100k EUR,EMEA,1325.1334695530013
259,23,Female,100–200k EUR,Americas,2161.673013105398
260,33,Male,100–200k EUR,Americas,1688.826153702063
261,46,Male,100–200k EUR,Asia/Pacific,1942.8983965749176
262,20,Female,50–100k EUR,Americas,1028.5684887167436
263,37,Male,50–100k EUR,Asia/Pacific,985.8215003877775
264,53,Male,100–200k EUR,Other,1737.3145239845728
265,36,Male,100–200k EUR,EMEA,1585.160080710699
266,43,Male,<50k EUR,Americas,409.9041965121792
267,20,Male,100–200k EUR,EMEA,2277.8532642594923
268,36,Female,<50k EUR,Americas,456.2459375310085
269,37,Male,100–200k EUR,EMEA,2572.8249921410393
270,49,Female,50–100k EUR,Americas,1296.494483048637
271,24,Female,>200k EUR,Americas,3083.8222134478856
272,69,Male,50–100k EUR,Americas,1155.3074429348299
273,58,Male,50–100k EUR,Americas,1342.8000988184183
274,50,Male,50–100k EUR,Americas,1294.647524914709
275,57,Female,50–100k EUR,Americas,1185.4342174686255
276,56,Male,>200k EUR,Americas,3735.707778193202
277,35,Female,>200k EUR,Americas,3223.8884778595143
278,57,Male,50–100k EUR,Americas,1030.641256386319
279,18,Female,100–200k EUR,EMEA,1580.4297278542576
280,28,Male,100–200k EUR,Asia/Pacific,2168.890771007171
281,45,Male,>200k EUR,Americas,3816.4659088777557
282,42,Female,100–200k EUR,Asia/Pacific,1804.8072292634517
283,67,Female,50–100k EUR,Americas,897.030555062827
284,40,Male,100–200k EUR,Americas,1853.862384870591
285,48,Female,100–200k EUR,EMEA,1822.2818227283392
286,47,Male,<50k EUR,Other,409.74400816559046
287,59,Female,100–200k EUR,Other,1740.8027690960553
288,52,Female,50–100k EUR,EMEA,1110.6970095865959
289,24,Male,100–200k EUR,Asia/Pacific,2014.5564883834481
290,33,Male,<50k EUR,Other,777.8417276763406
291,43,Male,100–200k EUR,EMEA,1750.7149650766887
292,65,Male,100–200k EUR,EMEA,2081.1370477339515
293,69,Female,100–200k EUR,Other,1984.928567165259
294,66,Male,<50k EUR,Asia/Pacific,497.9754162893099
295,19,Male,100–200k EUR,EMEA,1928.315585940077
296,18,Female,100–200k EUR,Americas,1727.7309013875206
297,65,Non-Binary,100–200k EUR,Asia/Pacific,1826.9686008295002
298,29,Male,100–200k EUR,Asia/Pacific,2226.617367747727
299,22,Male,100–200k EUR,Other,2150.275156287314
300,54,Male,>200k EUR,Other,3601.46151042565
301,49,Male,50–100k EUR,Americas,1371.2797588646945
302,26,Female,>200k EUR,EMEA,2742.127942501384
303,58,Male,100–200k EUR,Other,1706.7334265604347
304,52,Female,<50k EUR,Other,341.343360656615
305,36,Male,<50k EUR,Asia/Pacific,623.3817368154783
306,65,Female,50–100k EUR,Other,1242.8187488260407
307,33,Female,100–200k EUR,Other,2029.7996916287677
308,20,Female,100–200k EUR,Other,2225.4161370115366
309,37,Male,100–200k EUR,Other,1499.1784156635886
310,41,Male,100–200k EUR,Asia/Pacific,2163.0080577139806
311,50,Male,100–200k EUR,Americas,1801.212872316246
312,41,Female,50–100k EUR,Americas,950.8522442576024
313,69,Female,50–100k EUR,EMEA,1234.6361851702363
314,28,Female,100–200k EUR,Other,2171.179600577948
315,66,Female,<50k EUR,Asia/Pacific,316.8734525043467
316,25,Female,50–100k EUR,EMEA,1277.0634759457673
317,53,Male,100–200k EUR,EMEA,1771.022253037245
318,55,Female,100–200k EUR,Americas,1458.5353698006443
319,57,Male,>200k EUR,Asia/Pacific,4273.7526006650305
320,37,Male,>200k EUR,Asia/Pacific,4397.938836547761
321,52,Male,100–200k EUR,Asia/Pacific,1511.7372686350511
322,65,Male,100–200k EUR,Americas,2014.4254839984146
323,42,Male,100–200k EUR,Americas,2077.9167505164446
324,52,Female,100–200k EUR,Americas,1728.7050124686775
325,42,Male,50–100k EUR,Americas,1023.2285127597734
326,46,Female,100–200k EUR,Americas,2191.577737633212
327,35,Male,>200k EUR,Other,3193.605654757807
328,63,Male,50–100k EUR,Other,1230.7450211891055
329,35,Male,100–200k EUR,Asia/Pacific,1501.543981319312
330,19,Male,100–200k EUR,EMEA,1980.176060405805
331,52,Female,50–100k EUR,Asia/Pacific,1211.6417436892
332,33,Male,50–100k EUR,EMEA,971.4059404338753
333,58,Female,50–100k EUR,Americas,1271.5574720696566
334,53,Male,<50k EUR,EMEA,531.3295392507133
335,50,Female,<50k EUR,Asia/Pacific,206.04948141803365
336,21,Female,>200k EUR,Asia/Pacific,3306.149220032008
337,50,Female,50–100k EUR,EMEA,1312.1569052736468
338,31,Male,100–200k EUR,Other,1636.695140071263
339,38,Male,50–100k EUR,Americas,1416.6102486350553
340,65,Male,>200k EUR,Americas,3642.9326953624527
341,37,Female,50–100k EUR,Asia/Pacific,1410.7604104069806
342,25,Male,100–200k EUR,Other,1804.4491676593523
343,24,Male,>200k EUR,EMEA,3667.2283949935127
344,20,Female,>200k EUR,Americas,3829.2721363364153
345,34,Male,50–100k EUR,Other,924.4661264085818
346,50,Female,>200k EUR,Americas,4505.102269383175
347,65,Male,100–200k EUR,Other,2014.2196013949242
348,29,Male,100–200k EUR,Other,1741.8759904148142
349,68,Female,50–100k EUR,Asia/Pacific,1012.4349920169755
350,39,Male,<50k EUR,Americas,300.77209266523545
351,39,Female,100–200k EUR,EMEA,1884.6333367310524
352,63,Male,100–200k EUR,Asia/Pacific,2301.887842764332
353,47,Male,100–200k EUR,Asia/Pacific,1826.9324391430553
354,55,Female,100–200k EUR,EMEA,2250.7076336195423
355,55,Female,100–200k EUR,Asia/Pacific,1661.0879436027146
356,62,Female,50–100k EUR,Other,1303.0070534417318
357,68,Male,100–200k EUR,Other,2158.941253374585
358,25,Female,50–100k EUR,Americas,1302.7571901824417
359,44,Male,100–200k EUR,Americas,2432.4705861973703
360,44,Male,100–200k EUR,EMEA,1258.5066499618133
361,51,Female,>200k EUR,Americas,3411.5263862529755
362,38,Male,<50k EUR,Other,529.5291853803685
363,47,Non-Binary,<50k EUR,EMEA,610.7699869993115
364,50,Male,50–100k EUR,EMEA,1303.0095372612095
365,45,Male,50–100k EUR,Americas,1970.5462981309443
366,64,Male,50–100k EUR,Other,1314.1781021386334
367,50,Female,>200k EUR,EMEA,3100.851377730773
368,22,Female,50–100k EUR,Other,1427.1131280361199
369,65,Female,50–100k EUR,Other,1390.8003526986404
370,36,Female,100–200k EUR,Other,1760.931423358857
371,21,Female,100–200k EUR,Americas,2173.121638154162
372,52,Female,100–200k EUR,Asia/Pacific,1939.086384187102
373,66,Male,<50k EUR,Asia/Pacific,525.7052421784956
374,34,Male,100–200k EUR,EMEA,2111.3437620113928
375,61,Male,<50k EUR,Other,482.6527576417639
376,45,Non-Binary,<50k EUR,Americas,454.8344456616067
377,47,Female,>200k EUR,Other,2810.340385992736
378,46,Male,50–100k EUR,Other,1330.2782502611597
379,63,Female,100–200k EUR,Americas,1818.8044439852538
380,23,Female,100–200k EUR,Asia/Pacific,2025.97693624187
381,52,Male,50–100k EUR,Other,1136.946151071931
382,58,Female,>200k EUR,Other,3134.5349800290405
383,54,Female,<50k EUR,Asia/Pacific,278.22170144488587
384,41,Male,100–200k EUR,Americas,1953.2968293823762
385,46,Female,>200k EUR,EMEA,3483.4365135631015
386,66,Male,100–200k EUR,Asia/Pacific,2350.3346184979423
387,63,Female,>200k EUR,EMEA,4397.278931758894
388,48,Non-Binary,<50k EUR,EMEA,392.0233687407937
389,52,Female,100–200k EUR,Asia/Pacific,2076.326252990364
390,50,Male,50–100k EUR,Other,1351.7938440986534
391,69,Female,100–200k EUR,EMEA,2101.2807986225607
392,38,Female,>200k EUR,EMEA,3241.194350481914
393,49,Male,50–100k EUR,Americas,1045.4349570924855
394,40,Female,100–200k EUR,Other,1876.4369101632599
395,50,Male,50–100k EUR,EMEA,1152.6362786519983
396,20,Female,100–200k EUR,Americas,1853.7181327782519
397,35,Male,100–200k EUR,Other,1870.2325436541137
398,42,Male,>200k EUR,Asia/Pacific,3611.893975819449
399,59,Male,100–200k EUR,Asia/Pacific,2118.335642713489
400,48,Female,50–100k EUR,Americas,1102.9272904341792
401,20,Male,50–100k EUR,Asia/Pacific,1216.3748278772646
402,57,Female,50–100k EUR,EMEA,1662.9317133347017
403,63,Male,50–100k EUR,Other,826.5469614816503
404,41,Male,50–100k EUR,EMEA,1337.2520380749027
405,67,Male,>200k EUR,EMEA,3491.788551963624
406,49,Female,100–200k EUR,Asia/Pacific,1873.704655753921
407,64,Male,100–200k EUR,EMEA,2086.9324570689237
408,39,Female,50–100k EUR,Asia/Pacific,877.4568257620696
409,40,Female,>200k EUR,Other,4094.196636724042
410,19,Female,100–200k EUR,Other,2622.6202395936316
411,44,Male,<50k EUR,EMEA,430.90418435603186
412,59,Male,100–200k EUR,Americas,2261.3374110295076
413,19,Female,100–200k EUR,Asia/Pacific,1902.1929403496476
414,43,Male,<50k EUR,Asia/Pacific,658.5683339328374
415,34,Female,100–200k EUR,EMEA,2360.3641766491833
416,57,Male,100–200k EUR,Asia/Pacific,1877.5773880935346
417,50,Female,50–100k EUR,Asia/Pacific,1105.6136268421133
418,26,Female,>200k EUR,Americas,4763.466212936811
419,60,Non-Binary,>200k EUR,Americas,3234.56561353984
420,65,Male,100–200k EUR,EMEA,1388.5626394466437
421,56,Female,100–200k EUR,Americas,1697.5741067247789
422,46,Male,100–200k EUR,EMEA,1438.7624236922434
423,59,Male,100–200k EUR,Other,1894.5459547876073
424,43,Female,100–200k EUR,EMEA,2005.5255137568656
425,52,Female,<50k EUR,Other,551.5427434352692
426,67,Non-Binary,100–200k EUR,EMEA,2502.9311936825848
427,42,Female,>200k EUR,Asia/Pacific,3255.280278740889
428,41,Male,100–200k EUR,Americas,2098.0782121292486
429,30,Male,<50k EUR,Other,235.54397669558992
430,24,Female,100–200k EUR,EMEA,1934.2698413573407
431,53,Male,50–100k EUR,Americas,1417.7901193934733
432,62,Male,50–100k EUR,EMEA,1212.8560038190926
433,37,Male,50–100k EUR,Americas,984.4510444141388
434,18,Male,50–100k EUR,Americas,1056.9392581480063
435,25,Male,100–200k EUR,EMEA,2248.8216743550465
436,63,Male,100–200k EUR,Other,1336.6594072976345
437,33,Male,50–100k EUR,Other,1335.9195497869352
438,31,Male,>200k EUR,Asia/Pacific,4022.080438534536
439,29,Non-Binary,>200k EUR,Americas,3840.9457448131557
440,68,Male,>200k EUR,Asia/Pacific,4423.353662868017
441,40,Male,50–100k EUR,Asia/Pacific,1053.9266736565726
442,32,Female,100–200k EUR,EMEA,2070.6843674325696
443,45,Male,>200k EUR,EMEA,3791.964092662982
444,51,Female,100–200k EUR,EMEA,2231.25955816609
445,19,Female,<50k EUR,Americas,548.6125954092192
446,49,Male,<50k EUR,EMEA,442.2376579375525
447,40,Male,100–200k EUR,EMEA,1556.4241262660476
448,39,Female,>200k EUR,Americas,3320.3539546064703
449,68,Female,100–200k EUR,Americas,2343.1262129620786
450,42,Male,100–200k EUR,Other,2101.5489222483243
451,39,Female,50–100k EUR,EMEA,1243.2917179163949
452,39,Male,100–200k EUR,EMEA,1875.4136258297597
453,66,Non-Binary,>200k EUR,EMEA,3795.327415346155
454,69,Male,50–100k EUR,Other,1209.1143679807628
455,59,Female,100–200k EUR,EMEA,2189.8345598318856
456,23,Female,>200k EUR,Other,4054.3517902914537
457,32,Female,50–100k EUR,Asia/Pacific,1069.6799304788367
458,60,Male,100–200k EUR,Other,2681.2078573413187
459,54,Male,50–100k EUR,Asia/Pacific,1628.788817865065
460,50,Male,100–200k EUR,EMEA,2054.5598765175487
461,25,Male,100–200k EUR,Asia/Pacific,2074.4661758901007
462,61,Male,100–200k EUR,Other,1862.1917301379267
463,61,Female,100–200k EUR,Americas,1745.0466891605624
464,22,Male,50–100k EUR,Asia/Pacific,1326.7838044636023
465,56,Male,>200k EUR,Asia/Pacific,3910.241090598682
466,21,Non-Binary,100–200k EUR,EMEA,2249.100744963274
467,23,Female,50–100k EUR,Other,794.9714826684785
468,62,Female,100–200k EUR,Asia/Pacific,1743.17485222734
469,49,Non-Binary,100–200k EUR,Asia/Pacific,2021.4698711658177
470,69,Male,50–100k EUR,Asia/Pacific,1237.2908629538856
471,47,Male,>200k EUR,Asia/Pacific,3753.637015553649
472,64,Female,>200k EUR,Americas,4033.337344794577
473,52,Female,50–100k EUR,Other,1067.6427070463224
474,57,Male,>200k EUR,EMEA,4084.6477952228365
475,69,Female,50–100k EUR,EMEA,1370.4866669592448
476,33,Male,50–100k EUR,Americas,1041.4958523134599
477,30,Male,50–100k EUR,Other,1177.0527117066201
478,67,Male,>200k EUR,Asia/Pacific,4191.079495518764
479,59,Female,100–200k EUR,Americas,1856.702765970465
480,47,Female,50–100k EUR,Other,1300.9974557960913
481,36,Male,100–200k EUR,Asia/Pacific,2143.6939477239175
482,34,Female,100–200k EUR,Americas,2100.0986315860846
483,36,Male,<50k EUR,Other,398.46169995410617
484,45,Male,>200k EUR,EMEA,3824.3549437948213
485,43,Female,>200k EUR,EMEA,3416.4409598415727
486,54,Non-Binary,100–200k EUR,Other,2311.26198327737
487,43,Female,>200k EUR,EMEA,3573.356843216661
488,40,Female,100–200k EUR,Other,1846.9950803435759
489,26,Female,>200k EUR,Asia/Pacific,4103.254483254178
490,29,Female,100–200k EUR,Other,1919.0375194119886
491,18,Male,100–200k EUR,Asia/Pacific,1706.3708852653078
492,18,Male,50–100k EUR,Americas,1373.1510388340243
493,64,Male,>200k EUR,Other,3091.532164506382
494,51,Male,100–200k EUR,Americas,1866.7120219771666
495,49,Female,50–100k EUR,EMEA,959.9407185888448
496,65,Male,<50k EUR,Asia/Pacific,591.7514433261301
497,42,Male,100–200k EUR,Other,2113.190147913456
498,57,Male,100–200k EUR,Americas,2227.0965849936056
499,62,Female,100–200k EUR,Asia/Pacific,1723.3504027467125
500,18,Male,>200k EUR,Asia/Pacific,3684.3366544364508
501,33,Female,<50k EUR,EMEA,654.6499283743926
502,56,Male,100–200k EUR,EMEA,2260.881776031698
503,22,Male,50–100k EUR,Asia/Pacific,1133.0997528318103
504,39,Female,>200k EUR,Asia/Pacific,3303.3305938363196
505,46,Female,>200k EUR,Other,3514.3724114674087
506,20,Male,100–200k EUR,Asia/Pacific,2406.6913576414854
507,29,Female,100–200k EUR,Other,2124.0304709671104
508,43,Female,50–100k EUR,Asia/Pacific,1105.0109377678089
509,33,Male,100–200k EUR,EMEA,2563.03874376742
510,68,Female,>200k EUR,Other,4139.225931303649
511,54,Female,100–200k EUR,Americas,1767.8632402689282
512,39,Female,50–100k EUR,EMEA,1069.3341534852577
513,46,Female,100–200k EUR,Other,1626.6035890065748
514,31,Female,>200k EUR,Other,3595.5495340099515
515,45,Female,50–100k EUR,Americas,1553.0908480562193
516,22,Female,50–100k EUR,Other,1280.9963421921912
517,64,Female,100–200k EUR,Asia/Pacific,1466.3839253287165
518,66,Female,>200k EUR,Americas,3523.2182740780745
519,47,Female,50–100k EUR,EMEA,947.823209132991
520,63,Female,50–100k EUR,EMEA,1383.572389410955
521,69,Male,50–100k EUR,Asia/Pacific,1624.4312394025267
522,22,Female,50–100k EUR,EMEA,1406.4930521102294
523,29,Female,100–200k EUR,Other,2448.813293446755
524,33,Male,100–200k EUR,Other,2196.309696906217
525,43,Female,100–200k EUR,Asia/Pacific,1983.3245987268635
526,43,Male,100–200k EUR,EMEA,2083.990587895946
527,65,Male,50–100k EUR,EMEA,896.1260068091973
528,38,Female,>200k EUR,Asia/Pacific,2820.0719295100403
529,56,Male,100–200k EUR,Americas,1662.353285810487
530,53,Female,>200k EUR,EMEA,3873.1267830136103
531,50,Female,100–200k EUR,Americas,2733.725593885048
532,47,Male,50–100k EUR,EMEA,1103.1531854267498
533,54,Male,100–200k EUR,EMEA,2038.7663545925682
534,40,Male,50–100k EUR,EMEA,1453.3822298373245
535,27,Female,100–200k EUR,EMEA,2032.8184383814678
536,22,Non-Binary,<50k EUR,Other,639.6920178674297
537,53,Female,50–100k EUR,Americas,1058.4661068762439
538,51,Male,>200k EUR,Americas,3822.7420905705376
539,69,Female,50–100k EUR,EMEA,1288.7638856292456
540,48,Male,>200k EUR,EMEA,4581.6273616527305
541,27,Female,50–100k EUR,Americas,1354.9268106858674
542,36,Male,100–200k EUR,Other,2217.7299871696077
543,49,Female,100–200k EUR,Asia/Pacific,2144.302769521014
544,18,Male,100–200k EUR,Asia/Pacific,2067.1652072837396
545,22,Non-Binary,50–100k EUR,Americas,1014.6139056843834
546,62,Male,50–100k EUR,EMEA,1188.09492878764
547,21,Female,<50k EUR,EMEA,374.11737151660424
548,33,Female,50–100k EUR,Other,551.7465319861855
549,41,Male,100–200k EUR,Asia/Pacific,1762.8576633664063
550,33,Female,>200k EUR,Other,3346.1108825234996
551,19,Female,>200k EUR,Asia/Pacific,3609.5751638319693
552,66,Male,100–200k EUR,Americas,2141.4405071407987
553,45,Male,100–200k EUR,Asia/Pacific,2564.6073489425103
554,49,Female,100–200k EUR,Other,2403.626013846493
555,44,Male,50–100k EUR,Other,995.122471733142
556,37,Female,>200k EUR,Other,3624.691841855378
557,41,Male,100–200k EUR,Americas,2477.9559879918193
558,29,Female,100–200k EUR,Asia/Pacific,1846.6352970706444
559,67,Male,50–100k EUR,Asia/Pacific,1149.486369721368
560,52,Female,100–200k EUR,Other,1703.1185539224257
561,50,Non-Binary,100–200k EUR,Asia/Pacific,1962.2639239701055
562,50,Non-Binary,>200k EUR,EMEA,4288.726639881737
563,68,Female,100–200k EUR,EMEA,2016.7174736866084
564,60,Male,50–100k EUR,EMEA,950.44336360703
565,54,Female,>200k EUR,Asia/Pacific,3452.352233806524
566,29,Male,50–100k EUR,Americas,1526.482260786327
567,20,Male,100–200k EUR,Americas,2328.2574555412843
568,18,Male,<50k EUR,Americas,453.6181436223178
569,50,Male,100–200k EUR,Americas,1492.2606110855543
570,57,Female,>200k EUR,EMEA,3639.5107628851697
571,27,Female,50–100k EUR,EMEA,913.9717244078735
572,60,Male,>200k EUR,Other,3803.9482548582696
573,61,Male,50–100k EUR,Asia/Pacific,1111.9911026606032
574,46,Non-Binary,>200k EUR,Asia/Pacific,3593.304561578179
575,30,Male,100–200k EUR,Americas,2458.865095838184
576,29,Male,>200k EUR,EMEA,3276.7831927247357
577,48,Male,<50k EUR,Americas,549.6895147105346
578,63,Female,>200k EUR,Other,3597.0449964491536
579,19,Female,100–200k EUR,Asia/Pacific,1952.597630426303
580,68,Male,50–100k EUR,Asia/Pacific,1226.1481154572182
581,67,Male,>200k EUR,Americas,4036.815874929886
582,52,Female,50–100k EUR,Other,1488.254657813223
583,40,Female,>200k EUR,Asia/Pacific,2986.74235029447
584,34,Male,50–100k EUR,Other,912.8275697641121
585,43,Non-Binary,100–200k EUR,Other,1871.935679015774
586,25,Male,100–200k EUR,Americas,1696.3686874219497
587,46,Male,<50k EUR,EMEA,646.3317690683539
588,43,Female,50–100k EUR,Americas,1432.632750430992
589,27,Male,<50k EUR,EMEA,428.12386432320653
590,43,Female,100–200k EUR,Other,1503.542998440269
591,51,Male,50–100k EUR,EMEA,1202.0466122039174
592,68,Male,100–200k EUR,Other,2246.9511751885743
593,58,Non-Binary,50–100k EUR,Asia/Pacific,1003.6982697904098
594,24,Male,50–100k EUR,Asia/Pacific,1292.4206948526542
595,21,Female,100–200k EUR,Asia/Pacific,2021.9953901565211
596,67,Male,<50k EUR,Americas,472.1511535004274
597,62,Male,>200k EUR,Americas,3566.484837073438
598,28,Male,>200k EUR,Other,3149.9395925304134
599,46,Female,100–200k EUR,Asia/Pacific,1613.0117300776838
600,53,Male,100–200k EUR,Americas,1611.4763683809151
601,42,Female,>200k EUR,Asia/Pacific,4097.523314462422
602,38,Male,50–100k EUR,Americas,1239.811939114694
603,53,Non-Binary,<50k EUR,EMEA,334.0497538990958
604,27,Male,50–100k EUR,EMEA,1079.956624568241
605,54,Female,100–200k EUR,Asia/Pacific,1899.2645902129616
606,26,Female,<50k EUR,Other,320.5690063878994
607,41,Female,100–200k EUR,Americas,2500.706457586818
608,52,Female,>200k EUR,Americas,2738.4065476081128
609,66,Female,>200k EUR,EMEA,3220.539076364206
610,52,Female,100–200k EUR,EMEA,1922.1225945909187
611,65,Male,<50k EUR,Other,621.8788733591297
612,53,Male,>200k EUR,Other,3688.60593753226
613,35,Female,100–200k EUR,Other,1549.0571140645682
614,66,Female,50–100k EUR,Asia/Pacific,1213.9604169980037
615,56,Female,<50k EUR,EMEA,703.4360042856234
616,49,Male,>200k EUR,Asia/Pacific,4282.76201461717
617,41,Male,100–200k EUR,EMEA,1926.2770807742168
618,40,Male,>200k EUR,EMEA,3467.124869463506
619,49,Female,>200k EUR,Americas,3222.400236653401
620,54,Male,100–200k EUR,EMEA,1918.182929075699
621,29,Male,100–200k EUR,EMEA,1190.9340071175286
622,66,Male,100–200k EUR,Asia/Pacific,1983.7115400446564
623,30,Male,50–100k EUR,EMEA,1122.937280627648
624,40,Female,100–200k EUR,Asia/Pacific,1930.7196409373967
625,42,Male,100–200k EUR,Other,2208.8619094440255
626,52,Female,100–200k EUR,EMEA,2554.6868284836037
627,58,Male,>200k EUR,EMEA,4440.578534720295
628,47,Male,100–200k EUR,Asia/Pacific,2337.969508864327
629,34,Male,100–200k EUR,Other,1919.3333928335508
630,66,Male,100–200k EUR,Americas,1668.0422273774989
631,37,Male,100–200k EUR,Other,2772.0079409749583
632,65,Male,100–200k EUR,Asia/Pacific,2017.7655302043465
633,42,Female,50–100k EUR,Other,1222.7034690502496
634,39,Male,100–200k EUR,Asia/Pacific,2004.178787573884
635,30,Female,50–100k EUR,Asia/Pacific,1332.4261349042092
636,36,Female,50–100k EUR,Americas,1517.2033632290704
637,66,Female,100–200k EUR,EMEA,1992.762473866999
638,53,Male,100–200k EUR,Asia/Pacific,2059.4254282303564
639,29,Male,>200k EUR,Asia/Pacific,2775.993049791878
640,58,Male,100–200k EUR,Americas,1956.6918764228171
641,36,Male,100–200k EUR,Asia/Pacific,1827.901397935929
642,29,Non-Binary,100–200k EUR,EMEA,1835.9423176278824
643,26,Male,100–200k EUR,Americas,1990.1740189352006
644,24,Male,<50k EUR,EMEA,489.19848176294994
645,45,Female,50–100k EUR,EMEA,952.4369002346302
646,31,Female,50–100k EUR,Americas,1626.6066749312533
647,48,Female,100–200k EUR,Asia/Pacific,1836.9725686598706
648,69,Male,<50k EUR,EMEA,650.5299346838036
649,36,Male,50–100k EUR,EMEA,809.5824400954996
650,64,Male,50–100k EUR,EMEA,1169.6429809928834
651,33,Male,>200k EUR,EMEA,2400.597021689959
652,22,Male,50–100k EUR,Americas,1317.6634412969152
653,52,Male,100–200k EUR,Americas,1786.1462651968507
654,29,Male,50–100k EUR,Other,1256.1983735470064
655,42,Male,100–200k EUR,Other,2031.929068307569
656,69,Male,50–100k EUR,EMEA,1075.4600960358812
657,38,Female,50–100k EUR,Asia/Pacific,1158.3755499285448
658,53,Female,100–200k EUR,EMEA,1923.5068347737433
659,40,Female,<50k EUR,Asia/Pacific,554.2454037571451
660,33,Male,<50k EUR,EMEA,403.2320368092314
661,56,Male,50–100k EUR,Other,1101.3998130682335
662,62,Male,<50k EUR,Other,554.2093408262621
663,59,Female,50–100k EUR,Asia/Pacific,1082.1270486111578
664,56,Female,50–100k EUR,EMEA,1369.920419404205
665,31,Male,>200k EUR,Asia/Pacific,3720.007225026666
666,48,Female,100–200k EUR,Other,2451.1978965748067
667,22,Male,100–200k EUR,EMEA,1204.7090574820963
668,52,Male,50–100k EUR,EMEA,1271.4030971930094
669,40,Female,>200k EUR,Asia/Pacific,3248.9728878236942
670,46,Female,50–100k EUR,Americas,1061.4180809478692
671,60,Female,<50k EUR,Asia/Pacific,730.7054849698953
672,28,Female,100–200k EUR,Other,2327.4520555767385
673,35,Male,50–100k EUR,Other,1379.91997508665
674,64,Female,50–100k EUR,Other,1261.4599041753218
675,29,Male,100–200k EUR,Other,2373.8255577492887
676,26,Female,>200k EUR,Other,2989.383591434643
677,27,Male,100–200k EUR,Americas,1377.9829302775552
678,61,Female,100–200k EUR,EMEA,1897.1937217758955
679,34,Male,>200k EUR,Asia/Pacific,3854.1782236496765
680,55,Female,50–100k EUR,Asia/Pacific,1362.572423767792
681,24,Male,50–100k EUR,Other,1325.9257683847225
682,63,Female,50–100k EUR,Asia/Pacific,1034.2009978155854
683,30,Male,100–200k EUR,Other,1888.5677402012625
684,57,Male,100–200k EUR,Americas,1577.7464915846535
685,59,Male,>200k EUR,Americas,3621.900356885599
686,26,Male,100–200k EUR,EMEA,1766.6549937227373
687,67,Female,100–200k EUR,Americas,1666.8272463602514
688,44,Male,50–100k EUR,Americas,1087.9637919606062
689,19,Non-Binary,>200k EUR,EMEA,3217.960684631636
690,22,Male,>200k EUR,Asia/Pacific,2859.847800664553
691,46,Male,>200k EUR,Other,3936.2286641400724
692,54,Female,<50k EUR,Other,494.62609413350725
693,55,Female,100–200k EUR,Asia/Pacific,2525.6811330270866
694,36,Male,<50k EUR,EMEA,734.6965483721009
695,25,Female,50–100k EUR,Asia/Pacific,1349.4587210246523
696,65,Female,<50k EUR,Americas,107.03823438653835
697,62,Male,100–200k EUR,EMEA,2280.7035179442382
698,18,Non-Binary,100–200k EUR,EMEA,2381.4665284982475
699,39,Non-Binary,50–100k EUR,EMEA,1322.0740530866929
700,69,Female,50–100k EUR,Other,1195.8196812071703
701,34,Male,100–200k EUR,Asia/Pacific,2216.5016192129706
702,24,Female,50–100k EUR,EMEA,1223.4654766617564
703,42,Male,50–100k EUR,EMEA,1455.532979157685
704,62,Male,100–200k EUR,EMEA,1661.2844686348312
705,21,Male,100–200k EUR,Asia/Pacific,1842.6439201160679
706,53,Male,<50k EUR,Other,623.2853756562836
707,23,Female,<50k EUR,Americas,513.0570602357257
708,48,Female,50–100k EUR,Other,1081.685722232834
709,36,Female,>200k EUR,EMEA,3825.1005889793305
710,61,Male,100–200k EUR,Other,2146.8123683683752
711,56,Male,100–200k EUR,Other,1633.3616573324164
712,44,Male,50–100k EUR,Americas,1309.4194762340076
713,27,Non-Binary,100–200k EUR,Asia/Pacific,2213.8995290517164
714,43,Male,<50k EUR,Asia/Pacific,455.1488974301198
715,36,Female,100–200k EUR,Other,1927.9023805525596
716,56,Female,>200k EUR,Other,3450.4120681103086
717,20,Male,100–200k EUR,Asia/Pacific,1887.5537577351208
718,62,Female,>200k EUR,Asia/Pacific,4423.318498023833
719,30,Male,100–200k EUR,Americas,2213.2879904610477
720,67,Female,50–100k EUR,EMEA,1159.5614695132213
721,45,Female,>200k EUR,Other,2964.9576168369235
722,37,Male,<50k EUR,Asia/Pacific,513.7641164803254
723,45,Male,100–200k EUR,Other,2133.278993445812
724,25,Female,50–100k EUR,Other,1156.463759354556
725,58,Female,<50k EUR,Asia/Pacific,201.86466280986608
726,56,Male,100–200k EUR,Americas,1891.710150254276
727,18,Female,50–100k EUR,Other,1419.7553703974381
728,20,Female,100–200k EUR,Americas,2347.7989410092746
729,30,Female,100–200k EUR,Asia/Pacific,1675.6810017200307
730,45,Male,<50k EUR,EMEA,467.0492168243732
731,66,Female,50–100k EUR,EMEA,1365.083269797606
732,42,Female,100–200k EUR,Other,2184.7806820832793
733,50,Male,50–100k EUR,Asia/Pacific,1362.7019272001278
734,55,Male,100–200k EUR,Americas,2177.9303773905153
735,23,Non-Binary,100–200k EUR,Other,1907.136068205803
736,61,Male,>200k EUR,Asia/Pacific,2737.2374145376307
737,62,Female,100–200k EUR,Asia/Pacific,2097.8399066726356
738,49,Male,100–200k EUR,Americas,1624.665927084409
739,62,Male,100–200k EUR,Other,2277.2081057620703
740,64,Female,50–100k EUR,Asia/Pacific,1461.0957614308659
741,38,Male,50–100k EUR,Asia/Pacific,1204.2007683265517
742,33,Male,100–200k EUR,Asia/Pacific,1944.5293590671033
743,38,Male,100–200k EUR,Americas,1843.1830938442881
744,28,Female,100–200k EUR,Other,2314.702767751067
745,54,Male,>200k EUR,Other,3154.045965059378
746,53,Male,>200k EUR,Other,3477.206991822251
747,52,Non-Binary,>200k EUR,Other,3621.6697246613458
748,36,Male,100–200k EUR,EMEA,1788.6968928371723
749,37,Female,50–100k EUR,EMEA,1336.3905942589927
750,35,Male,100–200k EUR,Other,1577.4616110909321
751,64,Female,50–100k EUR,Americas,1137.9466486813087
752,58,Male,100–200k EUR,EMEA,1533.011247942829
753,66,Non-Binary,100–200k EUR,Asia/Pacific,2181.8029854036918
754,31,Male,100–200k EUR,EMEA,1615.8711942511152
755,32,Male,50–100k EUR,Asia/Pacific,1264.8332704976883
756,48,Male,50–100k EUR,Other,1173.971389126463
757,18,Male,100–200k EUR,EMEA,2526.4382545953094
758,20,Male,50–100k EUR,Americas,1219.3991929985436
759,33,Male,>200k EUR,EMEA,3379.381971071835
760,40,Female,50–100k EUR,EMEA,1319.0314050873828
761,28,Male,50–100k EUR,EMEA,1036.3558633533055
762,29,Male,<50k EUR,Other,553.5668857267619
763,27,Female,100–200k EUR,Americas,1375.4211776348834
764,49,Female,100–200k EUR,EMEA,2508.9369104870116
765,33,Male,50–100k EUR,Americas,1618.477455137092
766,25,Male,<50k EUR,Other,721.6841067112274
767,55,Male,100–200k EUR,Asia/Pacific,2063.3052401607856
768,29,Female,50–100k EUR,EMEA,998.7965237000597
769,41,Female,100–200k EUR,Americas,1970.9860664388823
770,45,Male,100–200k EUR,Americas,1836.5242739573152
771,25,Female,50–100k EUR,Other,957.1622774424536
772,45,Female,50–100k EUR,EMEA,1431.6221747000136
773,53,Female,>200k EUR,Asia/Pacific,3676.0276982571486
774,43,Female,100–200k EUR,Americas,2119.7408343056213
775,25,Male,100–200k EUR,EMEA,1988.7095892725456
776,67,Male,50–100k EUR,Asia/Pacific,1358.3325387925872
777,45,Male,100–200k EUR,Americas,2330.9905646049565
778,45,Male,<50k EUR,Americas,422.2594672589529
779,54,Male,100–200k EUR,Asia/Pacific,2034.2682945986119
780,58,Female,>200k EUR,Asia/Pacific,2874.230287904778
781,53,Male,50–100k EUR,Other,1324.8239634104311
782,44,Male,<50k EUR,EMEA,378.72595956602186
783,34,Male,<50k EUR,EMEA,424.7364434623195
784,26,Female,50–100k EUR,Other,1325.6691018528559
785,50,Male,50–100k EUR,Americas,1197.5506454306171
786,37,Male,<50k EUR,Asia/Pacific,637.3103176553111
787,30,Male,100–200k EUR,Asia/Pacific,2045.0905284385633
788,45,Male,100–200k EUR,Asia/Pacific,1890.9163363358432
789,65,Non-Binary,50–100k EUR,Americas,1020.5491257028337
790,46,Non-Binary,>200k EUR,Asia/Pacific,4221.88230203663
791,30,Male,50–100k EUR,Asia/Pacific,1215.1609116387453
792,63,Non-Binary,>200k EUR,Other,3458.9244108037155
793,52,Female,50–100k EUR,Americas,1064.5676576975777
794,23,Female,>200k EUR,EMEA,4058.647915794064
795,35,Male,100–200k EUR,Other,1982.9163128836797
796,68,Male,>200k EUR,Other,3671.362673188852
797,22,Male,>200k EUR,EMEA,3728.376609576892
798,64,Female,50–100k EUR,Other,1395.0239466835503
799,42,Male,>200k EUR,Americas,3784.883640116102
800,19,Male,50–100k EUR,Asia/Pacific,1170.5885236995723
801,27,Male,50–100k EUR,Americas,1034.9005606414976
802,47,Female,50–100k EUR,EMEA,1135.7228316694013
803,67,Male,100–200k EUR,EMEA,2092.3405306676177
804,62,Female,50–100k EUR,Other,1282.5862908551248
805,22,Non-Binary,100–200k EUR,Americas,1486.9494822030124
806,50,Male,100–200k EUR,Americas,1595.5443733682862
807,18,Female,100–200k EUR,EMEA,2222.9792282068147
808,35,Male,>200k EUR,Americas,3723.8542800086575
809,49,Female,100–200k EUR,EMEA,2051.2596314383827
810,64,Male,50–100k EUR,Americas,1087.255089439205
811,66,Female,50–100k EUR,Americas,1035.5559208867137
812,28,Female,50–100k EUR,Americas,1248.7374422983823
813,38,Female,<50k EUR,EMEA,549.3126664489527
814,43,Female,50–100k EUR,Other,1248.9933142217446
815,42,Male,50–100k EUR,Americas,1098.611364925774
816,39,Female,>200k EUR,EMEA,3821.361379933772
817,44,Female,100–200k EUR,EMEA,1944.8049990941963
818,66,Female,50–100k EUR,Americas,1105.7923388763354
819,30,Male,100–200k EUR,Americas,2005.530179919618
820,50,Female,50–100k EUR,Other,1246.4099874715273
821,51,Female,100–200k EUR,EMEA,2104.274511608501
822,58,Female,100–200k EUR,EMEA,1838.0720959071916
823,52,Male,100–200k EUR,Asia/Pacific,1766.5085823793063
824,18,Female,100–200k EUR,EMEA,2058.7535765293046
825,38,Male,>200k EUR,Other,4164.5762650662155
826,65,Female,>200k EUR,Asia/Pacific,3598.260584850735
827,23,Male,100–200k EUR,Asia/Pacific,1706.4881667154905
828,45,Female,100–200k EUR,Asia/Pacific,2122.4758267143416
829,34,Non-Binary,100–200k EUR,Americas,1489.224918728648
830,22,Male,50–100k EUR,Americas,910.3831317005352
831,48,Non-Binary,50–100k EUR,EMEA,918.507245124689
832,22,Male,<50k EUR,Asia/Pacific,420.5359694349442
833,55,Female,100–200k EUR,Other,2308.746691197693
834,20,Female,100–200k EUR,Americas,2141.779244723913
835,40,Female,50–100k EUR,Other,1056.3111557495129
836,54,Female,>200k EUR,Other,3854.5018787942563
837,54,Female,>200k EUR,Americas,3455.1321528563867
838,27,Male,100–200k EUR,Americas,2076.808920294163
839,27,Male,100–200k EUR,Americas,2294.8072951836543
840,36,Female,>200k EUR,Americas,4220.058607724736
841,34,Female,50–100k EUR,Asia/Pacific,1157.3105696576306
842,38,Female,100–200k EUR,Asia/Pacific,2499.642333338773
843,31,Female,50–100k EUR,Asia/Pacific,1262.1815131196008
844,26,Male,100–200k EUR,Asia/Pacific,2304.311019505439
845,63,Female,50–100k EUR,EMEA,1495.0712433899105
846,18,Male,>200k EUR,Asia/Pacific,3161.803848970365
847,68,Male,>200k EUR,Americas,4400.470216455408
848,62,Male,50–100k EUR,Other,1371.531924640404
849,30,Male,100–200k EUR,Asia/Pacific,1447.7377306005064
850,21,Male,>200k EUR,EMEA,3479.9210246778284
851,18,Male,100–200k EUR,Americas,1616.1269099792896
852,66,Female,>200k EUR,Other,2784.612448940976
853,57,Male,100–200k EUR,Other,1812.5544266912964
854,49,Male,50–100k EUR,Asia/Pacific,1168.0122940073145
855,51,Male,50–100k EUR,Other,1196.1967584194622
856,45,Male,50–100k EUR,Asia/Pacific,999.4941270724382
857,48,Male,100–200k EUR,Asia/Pacific,2007.8273150632501
858,25,Male,50–100k EUR,Americas,1196.297372801522
859,56,Female,100–200k EUR,Americas,2155.297706140737
860,43,Female,100–200k EUR,EMEA,1782.2768560539603
861,51,Female,100–200k EUR,Americas,2056.0300293431237
862,20,Male,>200k EUR,Americas,3564.0522074553946
863,67,Male,>200k EUR,Asia/Pacific,3159.4741712625596
864,29,Female,100–200k EUR,Americas,1773.3851202940032
865,18,Male,>200k EUR,Asia/Pacific,3920.321774494362
866,61,Male,100–200k EUR,Asia/Pacific,1816.5446591024156
867,22,Male,100–200k EUR,Americas,1578.0016709455333
868,47,Male,>200k EUR,EMEA,3173.6880103488043
869,47,Male,50–100k EUR,EMEA,1142.2682722159725
870,34,Male,50–100k EUR,Other,1264.543712067618
871,65,Female,>200k EUR,Other,3276.90828339261
872,64,Male,100–200k EUR,Americas,1723.0300261667287
873,40,Female,>200k EUR,EMEA,2555.2296345272343
874,32,Female,>200k EUR,Asia/Pacific,3273.846840375462
875,54,Female,<50k EUR,Other,576.9901149670034
876,38,Female,>200k EUR,Asia/Pacific,2288.0603366855216
877,31,Non-Binary,100–200k EUR,Other,1594.4946183150998
878,19,Male,100–200k EUR,Americas,1707.2380241068001
879,28,Male,100–200k EUR,EMEA,2316.092538982352
880,68,Male,>200k EUR,Other,2708.0485882571384
881,56,Female,<50k EUR,EMEA,514.5616324022061
882,55,Female,100–200k EUR,Asia/Pacific,1715.1803333504172
883,51,Male,100–200k EUR,Americas,2789.7146194512175
884,55,Female,100–200k EUR,EMEA,2147.995370264267
885,67,Male,100–200k EUR,Americas,2055.450837108462
886,51,Female,50–100k EUR,EMEA,1034.5538112895354
887,35,Male,50–100k EUR,Asia/Pacific,1303.8693028482344
888,47,Male,50–100k EUR,Asia/Pacific,1506.5477826005156
889,32,Male,>200k EUR,Americas,3880.207328072149
890,44,Male,50–100k EUR,Asia/Pacific,1178.2479703086285
891,68,Male,50–100k EUR,Other,1280.3423444197883
892,51,Male,>200k EUR,EMEA,3892.9000793254163
893,69,Female,<50k EUR,Asia/Pacific,645.2967485799334
894,55,Male,>200k EUR,Other,3712.7287808924825
895,50,Male,100–200k EUR,Americas,1742.492665945636
896,41,Female,>200k EUR,Other,3016.5119284353937
897,32,Female,50–100k EUR,Americas,1338.0287983422224
898,47,Male,<50k EUR,Americas,394.69203591839715
899,59,Male,100–200k EUR,EMEA,2210.092963822697
900,68,Male,>200k EUR,EMEA,3476.14432192901
901,34,Male,100–200k EUR,Other,1827.3086521286677
902,22,Female,50–100k EUR,EMEA,1119.7559056228326
903,46,Male,100–200k EUR,EMEA,2036.6029443936084
904,21,Male,100–200k EUR,EMEA,2768.0253614806384
905,27,Female,100–200k EUR,Other,1971.182030082605
906,34,Male,100–200k EUR,Asia/Pacific,2344.781997885703
907,27,Female,>200k EUR,EMEA,3498.1987304547156
908,34,Male,100–200k EUR,EMEA,1789.0470724622337
909,37,Non-Binary,<50k EUR,Other,450.8506780103348
910,41,Male,100–200k EUR,Asia/Pacific,1989.5034528509116
911,22,Female,<50k EUR,EMEA,441.1837770301764
912,51,Female,100–200k EUR,Americas,2531.240190690653
913,23,Male,100–200k EUR,Other,1811.9098826636698
914,19,Female,<50k EUR,EMEA,280.47275778018223
915,30,Non-Binary,50–100k EUR,EMEA,1244.8184963620834
916,60,Female,50–100k EUR,Americas,1202.518480156359
917,60,Female,>200k EUR,Americas,2920.8176554037286
918,65,Female,>200k EUR,Other,4251.699150883575
919,28,Male,<50k EUR,Other,544.4180415596865
920,68,Male,>200k EUR,Americas,3938.6811452878355
921,64,Female,100–200k EUR,Other,2543.7345673990785
922,40,Male,50–100k EUR,Americas,1219.5352197097664
923,33,Female,<50k EUR,EMEA,539.1582908269834
924,48,Female,100–200k EUR,Americas,2212.325580636643
925,28,Male,100–200k EUR,Americas,1831.2599672317197
926,33,Male,100–200k EUR,Asia/Pacific,2189.722321716656
927,25,Female,<50k EUR,Americas,500.76701849636913
928,21,Male,<50k EUR,Americas,464.8119299937279
929,57,Female,100–200k EUR,Asia/Pacific,2291.7663348880187
930,21,Male,50–100k EUR,Other,1045.3980432289068
931,42,Female,50–100k EUR,Asia/Pacific,1204.9020348517886
932,20,Male,50–100k EUR,EMEA,1299.59965824909
933,49,Female,>200k EUR,Asia/Pacific,3389.517913085168
934,20,Male,>200k EUR,EMEA,3513.4429194972654
935,44,Female,100–200k EUR,Other,2186.542988665159
936,46,Male,>200k EUR,Asia/Pacific,3604.1914039737762
937,49,Female,50–100k EUR,Asia/Pacific,1490.2287215590084
938,67,Female,100–200k EUR,Other,1528.9325840328631
939,68,Male,50–100k EUR,EMEA,1391.8541652170413
940,36,Male,100–200k EUR,Asia/Pacific,1781.8588472525394
941,38,Male,>200k EUR,EMEA,2479.1325657878547
942,22,Female,100–200k EUR,Asia/Pacific,1925.7444093345487
943,35,Female,50–100k EUR,Americas,1630.6364915023112
944,45,Male,100–200k EUR,Asia/Pacific,1977.669971269986
945,59,Male,50–100k EUR,Other,1046.53048742239
946,39,Male,>200k EUR,Other,3376.4113087397013
947,38,Female,100–200k EUR,EMEA,2186.2016292652033
948,23,Male,100–200k EUR,Asia/Pacific,2053.310300279976
949,18,Non-Binary,100–200k EUR,EMEA,1599.3966923869696
950,22,Male,100–200k EUR,EMEA,2114.059355301789
951,58,Female,<50k EUR,Americas,287.6943886924379
952,29,Male,100–200k EUR,Americas,2183.175723585147
953,43,Male,50–100k EUR,Other,1374.4641273441357
954,63,Female,100–200k EUR,EMEA,2167.937134379312
955,51,Female,>200k EUR,Other,3159.0078760011006
956,66,Non-Binary,>200k EUR,Asia/Pacific,2999.189995052542
957,31,Male,100–200k EUR,EMEA,2324.2342176663865
958,43,Male,100–200k EUR,EMEA,2250.1766463646713
959,62,Female,50–100k EUR,Asia/Pacific,1236.6684011476702
960,44,Female,100–200k EUR,Asia/Pacific,2137.754023768531
961,26,Male,50–100k EUR,Other,1637.9605866435345
962,43,Male,100–200k EUR,Other,1978.9502865624058
963,64,Male,50–100k EUR,Asia/Pacific,1038.3403429289697
964,39,Female,50–100k EUR,Other,1032.0556315638448
965,64,Male,100–200k EUR,Asia/Pacific,1501.7117199452027
966,47,Male,<50k EUR,EMEA,436.90320158519614
967,60,Male,100–200k EUR,EMEA,2128.8854657397756
968,65,Male,50–100k EUR,Americas,1080.1214709111955
969,34,Male,<50k EUR,EMEA,448.59282252098456
970,43,Male,100–200k EUR,Asia/Pacific,2062.3063061489333
971,53,Male,<50k EUR,Other,379.6584096167572
972,18,Female,50–100k EUR,Americas,775.2208551380386
973,25,Male,100–200k EUR,Other,2081.473651158612
974,66,Male,<50k EUR,Asia/Pacific,475.80714325009865
975,52,Female,>200k EUR,EMEA,3359.4498535570224
976,69,Female,<50k EUR,Americas,560.6076285221808
977,32,Male,50–100k EUR,Asia/Pacific,1094.8489956638477
978,64,Male,100–200k EUR,Americas,1616.9754272539071
979,39,Male,50–100k EUR,Americas,1048.1734676892604
980,31,Female,50–100k EUR,EMEA,1230.0787572952415
981,43,Non-Binary,50–100k EUR,Asia/Pacific,1268.351195155432
982,45,Female,50–100k EUR,Other,1575.2341678431771
983,40,Female,>200k EUR,Americas,4398.843263424761
984,31,Female,50–100k EUR,Americas,1390.08476763721
985,41,Male,100–200k EUR,Other,1675.6830378775212
986,19,Male,>200k EUR,Asia/Pacific,3820.4214306335048
987,62,Female,100–200k EUR,Americas,2315.945855999871
988,43,Non-Binary,>200k EUR,Americas,3214.4105051086017
989,31,Male,50–100k EUR,Americas,1084.6192688675194
990,68,Female,>200k EUR,Asia/Pacific,3786.291390678079
991,24,Male,<50k EUR,Asia/Pacific,782.9278851815795
992,20,Male,100–200k EUR,Other,1988.1334538430035
993,64,Male,100–200k EUR,Asia/Pacific,2204.4502092117873
994,40,Male,50–100k EUR,Asia/Pacific,1020.3170657303284
995,63,Female,100–200k EUR,EMEA,2008.4955128391377
996,60,Male,100–200k EUR,Other,2008.926841848723
997,64,Female,<50k EUR,Americas,526.1866719247759
998,62,Female,50–100k EUR,Asia/Pacific,1298.3838343013012
999,35,Female,100–200k EUR,Americas,2281.4851417927994
1000,55,Male,100–200k EUR,Americas,1845.1865815347878
